,LASER MODULE INVENTORY - Jan17 thru Aug17,,,,,,,,,,,,,,,,,,,,,,,,,,,,COB INVENTORY -  Sep 2015 thru Aug 2017,,,,,,,,,,,,,,,,,,,,,,,,,,,,MONTHLY LASER CONSUMPTION - Sep15 thru Sep 17,,,,,,,,,,,,,,,,,,,,,,,,,,,,,,,,QAM COMPARE DATA,,,,,,,,,CoB COMPARE DATA,,,,,,,,,COMBINED COMPARE DATA,,,,,,,,,,MONTHLY UNIT PRODUCTION (CoB & LM),,,,,,,,,,,,,,,,,,,,,,,,
Totals," 14,617 "," 13,997 "," 13,545 "," 14,179 "," 13,159 "," 13,211 "," 10,867 "," 11,279 "," 11,920 "," 10,719 "," 13,048 "," 16,205 "," 16,493 "," 16,435 "," 16,576 "," 22,235 "," 25,425 "," 24,105 "," 21,264 "," 23,006 "," 24,614 "," 24,257 "," 33,804 "," 31,489 "," 18,185 "," 6,418.2 "," 13,304 ", 1.73 ," 29,302 "," 29,102 "," 28,221 "," 29,312 "," 31,137 "," 32,428 "," 35,691 "," 31,635 "," 32,833 "," 32,514 "," 33,411 "," 44,544 "," 64,009 "," 74,820 "," 87,982 "," 99,913 "," 100,065 "," 98,230 "," 99,866 "," 93,258 "," 97,750 "," 110,207 "," 118,207 "," 132,712 "," 65,298 "," 35,118 "," 67,414 ", 2.03 ," 1,770 "," 3,088 "," 3,381 "," 4,535 "," 2,513 "," 2,856 "," 7,105 "," 5,283 "," 8,252 "," 9,794 "," 8,276 "," 10,659 "," 11,998 "," 12,698 "," 15,188 "," 12,425 "," 7,711 "," 10,465 "," 10,776 "," 7,485 "," 11,776 "," 14,559 "," 4,228 "," 9,647 "," 3,791 "," 8,010 "," 3,934 "," 27,060 "," 5,889 "," 2,663.5 "," 17,506.0 ",, 3.8 ," 4,429.0 "," $1,413,900 "," 13,983 "," $1,931,700 "," 15,877.54 "," 15,611 "," $1,548,860 ",, 1.1 ," 15,383.6 "," $366,708 "," 88,664 "," $1,773,272 "," 15,878 "," 90,292 "," $1,679,459 ",, 0.8 ," $5,803,140 "," 130,843.2 "," $2,616,864 "," 140,397 "," $2,807,944 ", 18 ," 157,885 "," $2,887,280 ",, -   ," 2,268 "," 2,048 "," 6,260 "," 3,318 "," 4,199 "," 8,024 "," 1,639 "," 10,091 "," 8,274 "," 11,502 "," 24,949 "," 31,751 "," 23,451 "," 28,491 "," 30,015 "," 11,053 "," 7,310 "," 9,571 "," 2,619 "," 17,876 "," 26,659 "," 21,775 "," 21,837 "," 314,980.0 "
Channel,Sep-15,Oct-15,Nov-15,Dec-15,Jan-16,Feb-16,Mar-16,Apr-16,May-16,Jun-16,Jul-16,Aug-16,Sep-16,Oct-16,Nov-16,Dec-16,Jan-17,Feb-17,Mar-17,Apr-17,May-17,Jun-17,Jul-17,Aug-17,AVERAGE,STDev,AUG-AVE,AUG/AVE,Sep-15,Oct-15,Nov-15,Dec-15,Jan-16,Feb-16,Mar-16,Apr-16,May-16,Jun-16,Jul-16,Aug-16,Sep-16,Oct-16,Nov-16,Dec-16,Jan-17,Feb-17,Mar-17,Apr-17,May-17,Jun-17,Jul-17,Aug-17,AVERAGE,STDev,AUG-AVE,AUG/AVE,2015-09,2015-10,2015-11,2015-12,2016-01,2016-02,2016-03,2016-04,2016-05,2016-06,2016-07,2016-08,2016-09,2016-10,2016-11,2016-12,2017-01,2017-02,2017-03,2017-04,2017-05,2017-06,2017-07,2017-08,2017-09,PER.AVE,PER.StD,PER.MAX,LQ.AVE,LQ.StD,L6.MAX,,QAM Turns,I-PMAX, IVal>PMAX , I-6MAX , IVal>6MAX , PER.A+2SD , I-P.A+2SD , Val>P.A+2SD ,,COB Turns,I-PMAX, IVal>PMAX , I-6MAX , IVal>6MAX , PER.A+2SD , I-P.A+2SD , Val>P.A+2SD ,,Combined Turns,Tot Inv Value,I-PMAX, IVal>PMAX , I-6MAX , IVal>6MAX , PER.A+2SD , I-P.A+2SD , Val>P.A+2SD ,,Sep-15,Oct-15,Nov-15,Dec-15,Jan-16,Feb-16,Mar-16,Apr-16,May-16,Jun-16,Jul-16,Aug-16,Sep-16,Oct-16,Nov-16,Dec-16,Jan-17,Feb-17,Mar-17,Apr-17,May-17,Jun-17,Jul-17,Aug-17,TOTAL
18, 335 , 437 , 419 , 449 , 413 , 465 , 366 , 331 , 144 , 244 , 676 , 772 , 596 , 573 , 555 , 778 ," 1,368 "," 1,480 ", 912 , 891 ," 1,010 "," 2,193 "," 4,266 "," 2,936 ", 942 , 937.1 ," 1,994 ", 3.12 , 13 , 13 , 13 , 13 , 13 , 13 , 13 , 13 , 13 , 14 , 6 , 28 , 28 , 28 , 37 , 72 , 4 , 7 , 3 , 3 , 4 , 9 , 3 , 20 , 16 , 14.3 , 4 , 1.25 , 1 , -   , -   , -   , -   , -   , -   , -   , -   , -   , 2 , -   , -   , -   , -   , -   , -   , -   , -   , 1 , 1 , -   , 5 , -   , 14 , 1 , 2.9 , 14 , 6 , 5.8 , 14.0 ,, 0.0 ," 2,922 "," $292,200 "," 2,922 "," $292,200 ", 7 ," 2,929 "," $292,931 ",, 1.3 , (3.63), $-   , 2 , $40 , 7 , 9 , $186 ,, 0.0 ," $294,000 "," 2,354.80 "," $47,096 "," 2,355 "," $47,096 "," 2,816 ", (447), $-   ,, -   , 102 , (18), 30 , (36), 52 , (99), (35), (187), 101 , 426 , 118 , (176), (23), (9), 258 , 522 , 115 , (572), (20), 121 ," 1,188 "," 2,072 "," (1,313)"," 2,617.00 "
19," 1,369 ", 909 , 666 , 801 , 975 , 742 , 388 , 576 , 539 , 689 ," 1,308 "," 2,493 "," 1,745 "," 1,341 "," 1,385 "," 2,442 "," 2,573 "," 2,735 "," 2,357 "," 2,064 "," 2,488 "," 2,193 "," 3,712 "," 4,263 "," 1,698 "," 1,017.6 "," 2,565 ", 2.51 , 353 , 345 , 271 , 283 , 282 , 285 , 286 , 149 , 223 , 236 , 248 , 278 , 278 , 281 , 330 , 343 , 266 , 300 , 291 , 342 , 638 ," 1,718 "," 2,537 "," 2,709 ", 553 , 676.6 ," 2,156 ", 4.90 , -   , -   , -   , -   , -   , -   , -   , -   , -   , -   , -   , -   , -   , -   , -   , -   , -   , -   , -   , -   , -   , -   , 10 , 9 , 5 , 1 , 2.7 , 10 , 8 , 2.2 , 10.0 ,, 0.0 ," 4,253 "," $425,300 "," 4,253 "," $425,300 ", 6 ," 4,257 "," $425,663 ",, 0.0 , 349 ," $6,989 "," 2,157 "," $43,144 ", 6 ," 2,161 "," $43,217 ",, 0.0 ," $480,480 "," 6,109 "," $122,188 "," 6,109 "," $122,188 "," 1,351 "," 4,768 "," $95,363 ",, -   , (468), (317), 147 , 173 , (230), (353), 51 , 37 , 163 , 631 ," 1,215 ", (748), (401), 93 ," 1,070 ", 54 , 196 , (387), (242), 720 , 785 ," 2,348 ", 732 ," 5,269 "
20, 19 , 19 , 19 , 20 , 20 , 20 , 21 , 21 , 12 , 12 , 18 , 20 , 20 , 21 , 21 , 4 , 12 , 12 , 13 , 14 , 14 , 15 , 11 , 13 , 16 , 4.4 , (3), 0.80 ," 2,431 "," 1,127 "," 1,171 "," 1,606 "," 1,992 "," 2,381 "," 2,303 "," 2,250 "," 2,168 "," 1,317 "," 1,221 "," 1,487 "," 1,938 "," 3,929 "," 3,581 "," 3,922 "," 2,727 "," 1,739 "," 2,149 "," 2,197 "," 2,494 "," 5,289 "," 8,807 "," 9,731 "," 2,915 "," 2,108.2 "," 6,816 ", 3.34 , 1 , 43 , 96 , 118 , 125 , 53 , 52 , 19 , 4 , 450 ," 1,105 ", 157 , 259 , 23 , 252 , 459 , 651 , 939 ," 1,024 ", 79 , 840 ," 1,460 ", 269 ," 2,230 ", 21 , 429 , 546.8 ," 2,230 ", 840 , 988.1 ," 2,230.0 ",, 634.4 ," (2,217)", $-   ," (2,217)", $-   ," 1,523 "," (1,510)", $-   ,, 1.1 , (335), $-   ," 5,555 "," $111,096 "," 1,523 "," 6,262 "," $125,240 ",, 0.8 ," $195,920 "," 7,511 "," $150,228 "," 7,511 "," $150,228 "," 1,585 "," 8,156 "," $163,121 ",, -   ," (1,261)", 140 , 554 , 511 , 442 , (25), (34), (87), (401)," 1,015 ", 425 , 710 ," 2,015 ", (96), 783 , (536), (49)," 1,435 ", 128 ," 1,137 "," 4,256 "," 3,783 "," 3,156 "," 18,001 "
21, 26 , 28 , 40 , 44 , 45 , 52 , 52 , 52 ,, 18 , 59 , 73 , 76 , 33 , 23 , 26 , 49 , 75 , 68 , 73 , 59 , 84 , 109 , 139 , 57 , 28.2 , 82 , 2.45 ," 1,375 "," 1,190 "," 1,410 "," 1,910 "," 1,323 "," 1,131 "," 1,065 ", 881 , 916 ," 1,148 "," 1,601 "," 3,846 "," 3,846 "," 4,736 "," 5,531 "," 5,762 "," 6,085 "," 5,001 "," 5,024 "," 4,408 "," 4,084 "," 6,635 "," 12,120 "," 13,095 "," 3,922 "," 3,169.0 "," 9,173 ", 3.34 , 267 , 563 , 595 , 244 , 164 ," 1,001 ", 505 , 241 , 291 , 931 ," 2,189 "," 1,109 "," 1,993 "," 2,798 "," 1,737 "," 1,249 ", 624 , 894 ," 1,800 ", 711 ," 2,098 "," 2,433 ", 764 , 60 , 943 ," 1,048 ", 768.4 ," 2,798 ", 589 , 381.1 ," 2,433.0 ",, 115.9 ," (2,659.00)", $-   ," (2,294)", $-   ," 2,585 "," (2,446)", $-   ,, 1.5 , (249), $-   ," 8,043 "," $160,860 "," 2,585 "," 7,891 "," $157,821 ",, 1.2 ," $275,800 "," 10,408.20 "," $208,164 "," 10,773 "," $215,464 ", 776 ," 12,430 "," $248,608 ",, -   , 380 , 827 , 748 , (422), 816 , 439 , 57 , 274 ," 1,181 "," 2,683 "," 3,368 "," 1,996 "," 3,645 "," 2,522 "," 1,483 ", 970 , (164)," 1,816 ", 100 ," 1,760 "," 5,009 "," 6,274 "," 1,065 "," 36,827 "
22, 595 , 607 , 560 , 612 , 471 , 527 , 400 , 461 , 600 , 581 , 625 , 845 ," 1,010 "," 1,097 "," 1,489 "," 2,073 "," 2,138 "," 1,918 "," 2,356 "," 2,690 "," 2,885 "," 2,855 "," 4,421 "," 3,786 "," 1,483 "," 1,143.8 "," 2,303 ", 2.55 , 766 , 791 ," 1,011 "," 1,032 "," 1,073 ", 928 , 989 ," 1,127 ", 803 , 982 ," 1,350 "," 2,661 "," 2,492 "," 2,509 "," 4,122 "," 3,102 "," 3,640 "," 3,674 "," 1,997 "," 2,956 "," 6,039 "," 5,939 "," 8,017 "," 9,118 "," 2,797 "," 2,263.8 "," 6,321 ", 3.26 , 5 , 83 , 127 , 123 , 155 , 18 , 276 , 309 , 117 , 302 , 414 , 750 , 624 , 885 ," 1,367 "," 1,495 ", 847 ," 1,249 "," 1,882 "," 2,275 "," 1,989 "," 1,684 ", 306 ," 1,276 ", 798 , 774 , 678.5 ," 2,275 ", 793 , 396.0 ," 2,275.0 ",, 4.2 ," 1,511 "," $151,100 "," 1,511 "," $151,100 "," 2,131 "," 1,655 "," $165,478 ",, 2.2 , (457), $-   ," 5,019 "," $100,388 "," 2,131 "," 5,163 "," $103,264 ",, 1.3 ," $560,960 "," 9,872 "," $197,436 "," 9,872 "," $197,436 "," 1,015 "," 11,132 "," $222,637 ",, -   , 120 , 300 , 196 , 55 , (71), 210 , 508 , (68), 462 , 826 ," 2,281 ", 620 , 989 ," 3,372 "," 1,059 "," 1,450 "," 1,063 ", 643 ," 3,568 "," 5,267 "," 1,554 "," 3,950 "," 1,742 "," 30,096 "
23, 235 , 133 , 356 , 310 , 292 , 201 , 191 , 365 , 261 , 264 , 276 , 498 , 228 , 203 , 399 , 480 , 738 , 771 , 531 , 598 , 728 , 829 ," 1,282 "," 1,239 ", 475 , 308.7 , 764 , 2.61 ," 1,181 "," 1,681 "," 1,967 "," 2,166 "," 2,010 "," 2,057 "," 2,668 "," 1,534 "," 1,967 "," 2,075 "," 1,510 "," 2,641 "," 2,696 "," 3,216 "," 3,504 "," 4,461 "," 5,163 "," 5,295 "," 5,978 "," 5,584 "," 7,352 "," 7,364 "," 7,264 "," 6,899 "," 3,676 "," 2,035.9 "," 3,223 ", 1.88 , 20 , 101 , 42 , 133 , 73 , 154 , 105 , 142 , 631 , 205 , 129 , 115 , 305 , 133 , 395 , 319 , 137 , 49 , 305 , 55 , 45 , 102 , 149 , 615 , 9 , 179 , 162.5 , 631 , 258 , 259.1 , 615.0 ,, 1.9 , 608 ," $60,800 ", 624 ," $62,400 ", 504 , 735 ," $73,520 ",, 0.4 ," 1,759 "," $35,173 "," 4,904 "," $98,084 ", 504 ," 5,015 "," $100,308 ",, 0.3 ," $261,880 "," 7,259 "," $145,184 "," 7,275 "," $145,504 ", 92 ," 7,799 "," $155,974 ",, -   , 499 , 551 , 286 , (101), 110 , 706 , (818), 960 , 316 , (424)," 1,468 ", 90 , 628 , 879 ," 1,357 "," 1,097 ", 214 , 748 , (272)," 1,943 ", 215 , 502 , 207 ," 11,161 "
24, 479 , 378 , 334 , 554 , 543 , 622 , 411 , 511 , 544 , 291 , 494 , 534 , 555 , 728 , 961 ," 1,752 "," 2,117 "," 1,978 "," 1,439 "," 1,661 "," 1,604 "," 1,152 "," 1,779 "," 1,819 ", 968 , 603.3 , 851 , 1.88 , 201 , 578 , 901 ," 1,471 "," 1,679 "," 1,734 "," 1,873 "," 1,713 "," 1,900 "," 1,899 "," 1,780 "," 1,554 "," 2,387 "," 3,682 "," 4,206 "," 4,757 "," 4,381 "," 4,639 "," 4,759 "," 4,909 "," 2,891 "," 4,585 "," 4,614 "," 5,168 "," 2,844 "," 1,532.1 "," 2,324 ", 1.82 , 193 , 239 , 284 , 179 , 275 , 85 , 642 , 305 , 444 , 548 , 185 , 628 , 839 , 429 ," 1,260 "," 2,047 "," 1,026 "," 1,674 ", 960 , 110 ," 1,015 "," 1,586 ", 729 , 853 , 449 , 679 , 515.5 ," 2,047 ", 677 , 169.0 ," 1,586.0 ",, 6.7 , (228), $-   , 233 ," $23,300 "," 1,710 ", 109 ," $10,863 ",, 2.9 , (198), $-   ," 2,548 "," $50,968 "," 1,710 "," 2,424 "," $48,481 ",, 1.8 ," $285,260 "," 4,576 "," $91,524 "," 5,037 "," $100,744 ", 804 ," 5,819 "," $116,380 ",, -   , 515 , 563 , 969 , 472 , 219 , 570 , 245 , 664 , 294 , 269 , 442 ," 1,693 "," 1,897 "," 2,017 "," 3,389 "," 1,015 "," 1,793 ", 541 , 482 ," (1,060)"," 2,828 "," 1,385 "," 1,447 "," 22,649 "
25, 308 , 287 , 343 , 331 , 337 , 455 , 339 , 365 , 184 , 247 , 157 , 241 , 261 , 202 , 245 , 502 , 523 , 420 , 364 , 337 , 351 , 245 , 277 , 236 , 315 , 92.2 , (79), 0.75 , 482 , 529 , 431 , 600 , 463 ," 1,044 ", 911 , 952 , 812 , 751 , 783 , 839 ," 1,028 "," 1,658 "," 2,381 "," 2,568 "," 2,654 "," 2,009 "," 2,651 "," 2,657 "," 2,650 "," 2,791 "," 2,859 "," 2,847 "," 1,556 ", 913.0 ," 1,291 ", 1.83 , 67 , 49 , 14 , 150 , 44 , 162 , 434 , 51 , 313 , 212 , 177 , 26 , 101 , 96 , 379 , 37 , 131 , 142 , 123 , 44 , 85 , 169 , 76 , 26 , 50 , 126 , 107.4 , 434 , 51 , 20.4 , 169.0 ,, 5.8 , (198), $-   , 67 ," $6,700 ", 341 , (105), $-   ,, 0.6 , 578 ," $11,551 "," 2,109 "," $42,172 ", 341 ," 1,937 "," $38,730 ",, 0.4 ," $80,540 "," 2,602 "," $52,036 "," 2,867 "," $57,336 ", 67 ," 2,968 "," $59,368 ",, -   , 75 , (28), 307 , (87), 861 , 185 , 118 , (8), 214 , 119 , 166 , 310 , 667 ," 1,145 ", 481 , 238 , (606), 709 , 23 , 92 , 204 , 176 , (27)," 5,334 "
26, 289 , 293 , 321 , 325 , 343 , 398 , 406 , 403 , 303 , 142 , 364 , 257 , 261 , 302 , 228 , 523 , 954 , 417 , 632 , 832 , 736 , 263 , 648 , 391 , 418 , 198.3 , (27), 0.94 , 663 , 527 , 535 , 454 , 423 , 477 , 481 , 566 , 471 , 461 , 418 , 335 , 503 ," 1,233 ", 934 ," 1,234 "," 1,711 "," 1,575 "," 1,773 "," 1,670 "," 2,114 "," 2,209 "," 2,647 "," 3,850 "," 1,136 ", 862.6 ," 2,714 ", 3.39 , 36 , 69 , 133 , 44 , 27 , 56 , 115 , 125 , 223 , 201 , 34 , 318 , 144 , 321 , 875 , 618 , 261 , 643 , 562 , 917 , 942 , 936 , 58 , 629 , 326 , 345 , 313.8 , 942 , 338 , 233.3 , 942.0 ,, 18.1 , (551), $-   , (551), $-   , 972 , (581), $-   ,, 2.3 , (204), $-   ," 2,138 "," $42,760 ", 972 ," 2,108 "," $42,157 ",, 1.7 ," $116,100 "," 3,221 "," $64,416 "," 3,221 "," $64,416 ", 102 ," 4,060 "," $81,209 ",, -   , (63), 169 , (33), 14 , 165 , 127 , 207 , 28 , 30 , 213 , 128 , 316 ," 1,092 ", 502 ," 1,213 "," 1,169 ", (30), 975 ," 1,014 "," 1,290 ", 558 , 881 ," 1,575 "," 11,540 "
27, 414 , 382 , 444 , 448 , 405 , 391 , 259 , 239 , 202 , 160 , 210 , 344 , 332 , 238 , 357 , 550 , 616 , 660 , 857 , 691 , 652 , 620 , 811 , 824 , 463 , 205.7 , 361 , 1.78 ," 1,825 "," 2,049 "," 1,060 ", 943 ," 1,621 "," 1,715 "," 1,280 "," 1,297 "," 1,219 "," 1,238 ", 952 ," 1,615 "," 3,041 "," 3,893 "," 4,902 "," 6,035 "," 6,199 "," 5,943 "," 6,357 "," 6,317 "," 6,549 "," 6,612 "," 6,586 "," 7,489 "," 3,614 "," 2,336.5 "," 3,875 ", 2.07 , 23 , 51 , 38 , 425 , 91 , 85 , 470 , 142 , 163 , 245 , 251 , 180 , 341 , 450 , 115 , 71 , 153 , 216 , 201 , 243 , 125 , 144 , 16 , 55 , 8 , 172 , 131.1 , 470 , 26 , 20.5 , 243.0 ,, 2.2 , 354 ," $35,400 ", 581 ," $58,100 ", 434 , 390 ," $38,970 ",, 0.3 ," 1,879 "," $37,583 "," 5,748 "," $114,964 ", 434 ," 5,557 "," $111,138 ",, 0.2 ," $232,180 "," 7,678 "," $153,564 "," 7,905 "," $158,104 ", 567 ," 7,582 "," $151,633 ",, -   , 243 , (889), 312 , 726 , 165 , (97), 139 , 48 , 222 , 15 , 977 ," 1,755 "," 1,208 "," 1,243 "," 1,397 ", 383 , 4 , 812 , 37 , 318 , 175 , 181 , 971 ," 10,345 "
28," 1,049 "," 1,121 "," 1,035 ", 730 , 775 , 617 , 695 , 498 , 623 , 490 , 672 , 633 , 868 , 916 ," 1,026 "," 1,018 "," 1,074 "," 1,047 ", 713 , 721 , 529 , 538 , 872 ," 1,023 ", 803 , 203.8 , 220 , 1.27 ," 1,753 "," 1,706 "," 1,524 "," 1,604 "," 2,223 "," 2,371 "," 1,719 "," 1,515 ", 711 ," 1,105 ", 972 ," 1,561 "," 1,761 "," 1,494 "," 2,120 "," 4,921 "," 5,215 "," 6,014 "," 7,318 "," 7,339 "," 6,904 "," 6,611 "," 5,545 "," 7,924 "," 3,414 "," 2,381.9 "," 4,510 ", 2.32 , 202 , 305 , 295 , 631 , 73 , 205 , 606 , 339 , 198 , 189 , 519 ," 1,222 "," 1,054 "," 1,725 ", 932 , 743 , 122 , 246 , 302 , 390 , 393 , 315 , 32 , 81 , 69 , 448 , 403.5 ," 1,725 ", 61 , 20.9 , 393.0 ,, 5.2 , (702), $-   , 630 ," $63,000 "," 1,255 ", (232), $-   ,, 0.8 , 494 ," $9,879 "," 5,946 "," $118,924 "," 1,255 "," 5,085 "," $101,692 ",, 0.6 ," $260,780 "," 7,017 "," $140,348 "," 8,349 "," $166,988 ", 58 ," 8,685 "," $173,694 ",, -   , 330 , 27 , 406 , 737 , 195 , 32 , (62), (481), 450 , 568 ," 1,772 "," 1,489 "," 1,506 "," 1,668 "," 3,536 ", 472 ," 1,018 "," 1,272 ", 419 , (234), 31 , (700)," 2,611 "," 17,062 "
29, 489 , 556 , 564 , 428 , 459 , 469 , 419 , 255 , 389 , 205 , 261 , 462 , 261 , 368 , 477 , 898 ," 1,015 ", 947 , 705 , 658 , 735 , 694 , 669 , 600 , 541 , 213.7 , 59 , 1.11 ," 1,124 ", 937 , 942 ," 1,089 "," 1,295 ", 930 ," 1,177 "," 1,044 ", 708 , 606 , 474 , 880 ," 1,218 "," 2,361 "," 3,282 "," 4,719 "," 3,296 "," 2,852 "," 3,036 "," 2,804 "," 2,310 "," 2,229 "," 1,703 "," 2,393 "," 1,809 "," 1,052.5 ", 584 , 1.32 , 11 , 29 , 50 , 247 , 44 , 56 , 183 , 263 , 212 , 429 , 142 , 208 , 425 , 272 , 735 , 801 , 852 ," 1,010 ", 543 , 123 , 490 , 350 , 156 , 456 , 44 , 325 , 276.4 ," 1,010 ", 219 , 173.9 , 490.0 ,, 9.7 , (410), $-   , 110 ," $11,000 ", 878 , (278), $-   ,, 3.0 , 166 ," $3,313 "," 1,424 "," $28,488 ", 878 ," 1,036 "," $20,729 ",, 2.0 ," $107,860 "," 1,863 "," $37,260 "," 2,383 "," $47,660 ", 28 ," 2,845 "," $56,909 ",, -   , (91), 63 , 258 , 281 , (299), 380 , (34), 10 , 143 , 66 , 815 , 562 ," 1,522 "," 1,765 "," 2,659 ", (454), 498 , 485 , (156), 73 , 228 , (395)," 1,077 "," 9,456 "
30, 222 , 187 , 141 , 146 , 165 , 163 , 182 , 152 , 145 , 182 , 175 , 211 , 254 , 292 , 320 , 512 , 572 , 609 , 511 , 513 , 585 , 523 , 552 , 564 , 328 , 177.3 , 236 , 1.72 , 481 , 631 , 555 , 608 , 519 , 551 , 551 , 691 , 531 , 525 , 467 , 343 ," 1,243 "," 1,340 "," 1,459 "," 1,439 "," 1,266 "," 1,058 "," 1,041 "," 1,006 ", 838 , 771 , 749 , 985 , 819 , 325.9 , 166 , 1.20 , 17 , 2 , 33 , 71 , 19 , 42 , 54 , 59 , 52 , 6 , 32 , 96 , 43 , 45 , 76 , 186 , 74 , 188 , 198 , 109 , 72 , 208 , 15 , 37 , 45 , 71 , 59.8 , 208 , 32 , 12.7 , 208.0 ,, 2.2 , 356 ," $35,600 ", 356 ," $35,600 ", 191 , 373 ," $37,314 ",, 1.6 , 324 ," $6,483 ", 580 ," $11,600 ", 191 , 597 ," $11,943 ",, 0.9 ," $76,100 "," 1,228 "," $24,564 "," 1,228 "," $24,564 ", 61 ," 1,376 "," $27,514 ",, -   , 117 , (89), 129 , (51), 72 , 73 , 169 , (115), 37 , (33), 8 , 986 , 180 , 223 , 358 , (39), 17 , 83 , 76 , (24), 79 , 22 , 285 ," 2,563 "
31, 302 , 316 , 238 , 218 , 143 , 173 , 71 , 61 , 264 , 143 , 135 , 200 , 213 , 197 , 159 , 160 , 186 , 233 , 217 , 202 , 207 , 109 , 156 , 187 , 187 , 60.8 , (0), 1.00 , 285 , 406 , 338 , 227 , 213 , 213 , 154 , 143 , 245 , 274 , 174 , 156 , 457 , 355 , 525 , 658 , 553 , 529 , 500 , 483 , 485 , 468 , 507 , 497 , 369 , 148.0 , 128 , 1.35 , 125 , 13 , 27 , 142 , 104 , 7 , 122 , 141 , 168 , 380 , 155 , 76 , 227 , 215 , 94 , 56 , 38 , 81 , 112 , 44 , 51 , 69 , -   , 20 , 13 , 99 , 84.6 , 380 , 11 , 8.3 , 69.0 ,, 4.2 , (193), $-   , 118 ," $11,800 ", 268 , (81), $-   ,, 2.0 , (140), $-   , 329 ," $6,572 ", 268 , 129 ," $2,585 ",, 1.2 ," $28,640 ", 267 ," $5,332 ", 578 ," $11,552 ", 330 , 317 ," $6,336 ",, -   , 148 , (119), 11 , 15 , 37 , (39), 120 , 473 , 288 , 47 , 123 , 541 , 97 , 226 , 190 , (41), 104 , 67 , 12 , 58 , (46), 86 , 41 ," 2,439 "
32, 340 , 293 , 225 , 367 , 332 , 288 , 218 , 176 , 225 , 244 , 224 , 340 , 317 , 175 , 160 , 198 , 196 , 197 , 160 , 176 , 238 , 277 , 284 , 251 , 246 , 61.3 , 5 , 1.02 ," 1,382 "," 1,497 ", 806 , 842 , 801 , 876 ," 1,367 "," 1,732 "," 1,904 "," 1,979 "," 1,930 "," 2,314 "," 2,504 "," 3,051 "," 3,800 "," 3,856 "," 3,756 "," 3,402 "," 3,660 "," 3,586 "," 3,511 "," 3,467 "," 3,597 "," 3,802 "," 2,476 "," 1,092.7 "," 1,326 ", 1.54 , 13 , 21 , 23 , 53 , 89 , 44 , 71 , 16 , 2 , 51 , 13 , 24 , 13 , 31 , 17 , 9 , 15 , 8 , 14 , 40 , 10 , 136 , 50 , 27 , 13 , 32 , 29.8 , 136 , 30 , 15.3 , 136.0 ,, 1.5 , 115 ," $11,500 ", 115 ," $11,500 ", 92 , 159 ," $15,923 ",, 0.1 ," 1,473 "," $29,467 "," 2,906 "," $58,112 ", 92 ," 2,950 "," $58,997 ",, 0.1 ," $101,140 "," 3,867 "," $77,336 "," 3,867 "," $77,336 ", 98 ," 3,905 "," $78,099 ",, -   , 89 , (736), 231 , 13 , 75 , 492 , 339 , 223 , 145 , (56), 524 , 180 , 436 , 751 , 103 , (87), (345), 235 , (18), (3), 131 , 187 , 199 ," 3,108 "
33, 984 , 981 ," 1,048 ", 655 , 539 , 940 , 357 , 768 , 851 , 468 , 850 , 910 ," 1,093 ", 995 , 869 , 962 ," 1,010 ", 957 , 848 ," 1,169 "," 1,320 "," 1,055 "," 1,287 "," 1,441 ", 932 , 249.3 , 509 , 1.55 ," 1,034 ", 755 , 767 , 940 , 850 ," 1,387 "," 1,070 ", 424 , 879 , 773 ," 1,407 "," 2,122 "," 3,328 "," 3,784 "," 3,935 "," 4,447 "," 4,407 "," 4,164 "," 3,550 "," 2,965 "," 1,762 "," 7,118 "," 2,790 "," 3,175 "," 2,410 "," 1,625.0 ", 765 , 1.32 , 201 , 485 , 635 ," 1,011 ", 94 , 16 , 875 , 833 ," 1,486 "," 1,461 ", 463 ," 2,383 "," 1,294 "," 1,764 "," 1,773 ", 888 , 87 , 516 , 506 , 255 , 524 , 734 , 65 , 247 , 208 , 752 , 616.3 ," 2,383 ", 173 , 78.2 , 734.0 ,, 5.3 , (942), $-   , 707 ," $70,700 "," 1,985 ", (544), $-   ,, 3.0 , (817), $-   ," 1,806 "," $36,120 "," 1,985 ", 555 ," $11,103 ",, 1.7 ," $207,600 "," 1,945 "," $38,896 "," 3,594 "," $71,876 ", 240 ," 4,088 "," $81,756 ",, -   , 203 , 714 , 791 , (112), 954 , (25), 598 ," 2,024 ", 972 ," 1,479 "," 3,158 "," 2,683 "," 2,122 "," 1,798 "," 1,493 ", 95 , 220 , (217), (9), (528)," 5,825 "," (4,031)", 786 ," 20,993 "
34, 539 , 522 , 466 , 550 , 516 , 585 , 383 , 415 , 378 , 368 , 327 , 502 , 605 , 576 , 557 , 641 , 441 , 529 , 402 , 546 , 372 , 239 , 301 , 298 , 461 , 108.1 , (163), 0.65 ," 1,683 "," 1,631 "," 1,718 "," 1,829 "," 1,811 "," 1,993 "," 2,092 "," 1,689 "," 1,628 "," 1,744 "," 1,449 "," 2,562 "," 3,107 "," 3,376 "," 3,603 "," 3,929 "," 3,978 "," 3,518 "," 3,509 "," 3,395 "," 3,356 "," 3,276 "," 4,967 "," 5,448 "," 2,804 "," 1,092.0 "," 2,644 ", 1.94 , 74 , 10 , 80 , 85 , 54 , 26 , 135 , 19 , 34 , 109 , 167 , 69 , 67 , 76 , 30 , 148 , 251 , 258 , 325 , 173 , 309 , 237 , 84 , 75 , 51 , 118 , 90.6 , 325 , 70 , 13.9 , 309.0 ,, 6.8 , (27), $-   , (11), $-   , 299 , (1), $-   ,, 0.5 ," 1,497 "," $29,949 "," 4,049 "," $80,988 ", 299 ," 4,059 "," $81,189 ",, 0.4 ," $138,760 "," 5,361 "," $107,228 "," 5,377 "," $107,548 ", 91 ," 5,596 "," $111,917 ",, -   , (59), 111 , 280 , 2 , 277 , 32 , (352), (64), 215 , (169)," 1,357 ", 715 , 316 , 238 , 558 , 100 , (114), 189 , 203 , 96 , 24 ," 1,837 ", 553 ," 6,345 "
35, 393 , 336 , 379 , 509 , 285 , 352 , 272 , 195 , 261 , 230 , 232 , 248 , 216 , 227 , 150 , 272 , 352 , 337 , 285 , 445 , 443 , 349 , 415 , 409 , 316 , 89.2 , 93 , 1.29 , 298 , 334 , 279 , 167 , 125 , 223 , 256 , 37 , 228 , 304 , 251 , 429 , 608 , 797 ," 1,224 "," 1,187 ", 974 , 901 , 644 , 518 , 537 , 608 ," 1,019 "," 1,306 ", 552 , 361.5 , 754 , 2.36 , 59 , 86 , 20 , 211 , 224 , 21 , 236 , 145 , 294 , 282 , 169 , 49 , 378 , 95 , 358 , 196 , 308 , 168 , 171 , 314 , 177 , 237 , 40 , 196 , 34 , 179 , 105.8 , 378 , 90 , 75.0 , 314.0 ,, 5.6 , 31 ," $3,100 ", 95 ," $9,500 ", 390 , 19 ," $1,876 ",, 2.2 , (19), $-   , 731 ," $14,616 ", 390 , 655 ," $13,091 ",, 1.4 ," $67,020 "," 1,255 "," $25,104 "," 1,319 "," $26,384 ", 40 ," 1,594 "," $31,874 ",, -   , 65 , 8 , 229 , (42), 186 , 189 , (151), 551 , 327 , 118 , 243 , 525 , 295 , 708 , 281 , 175 , 80 , (138), 348 , 194 , 214 , 517 , 477 ," 5,399 "
36, 172 , 141 , 198 , 220 , 215 , 192 , 180 , 132 , 180 , 151 , 348 , 232 , 205 , 153 , 369 , 368 , 408 , 337 , 331 , 300 , 352 , 492 , 546 , 546 , 282 , 124.2 , 264 , 1.94 , 162 , 143 , 244 , 314 , 317 , 283 , 357 , 373 , 207 , 137 , 365 , 547 , 749 , 570 ," 1,218 "," 1,444 "," 1,423 "," 1,633 "," 1,428 ", 709 , 693 , 615 , 770 ," 1,402 ", 671 , 466.8 , 731 , 2.09 , 9 , 32 , 94 , 27 , 11 , 15 , 99 , 124 , 39 , 197 , 255 , 179 , 112 , 282 , 198 , 451 , 190 , 87 , 53 , 119 , 237 , 296 , 2 , 48 , 64 , 129 , 110.3 , 451 , 38 , 26.3 , 296.0 ,, 3.7 , 95 ," $9,500 ", 250 ," $25,000 ", 349 , 197 ," $19,653 ",, 1.8 , (15), $-   , 826 ," $16,512 ", 349 , 772 ," $15,443 ",, 1.1 ," $82,640 "," 1,388 "," $27,756 "," 1,543 "," $30,856 ", 114 ," 1,724 "," $34,488 ",, -   , (18), 252 , 119 , 9 , (42), 161 , 92 , (79), 98 , 680 , 245 , 287 , 51 ," 1,062 ", 676 , 209 , 226 , (158), (631), 273 , 358 , 211 , 680 ," 4,761 "
37, 142 , 156 , 161 , 248 , 137 , 137 , 76 , 96 , 99 , 75 , 102 , 112 , 120 , 152 , 250 , 287 , 274 , 276 , 262 , 267 , 286 , 299 , 296 , 297 , 192 , 81.4 , 105 , 1.55 , 199 , 186 , 290 , 184 , 172 , 149 , 157 , 58 , 118 , 118 , 313 , 482 , 710 , 847 ," 1,129 "," 1,110 "," 1,286 "," 1,317 "," 1,252 "," 1,137 "," 1,184 "," 1,189 "," 1,165 "," 1,354 ", 671 , 481.9 , 683 , 2.02 , 61 , 70 , 13 , 2 , 127 , 10 , 58 , 113 , 93 , 49 , 24 , 9 , 32 , 116 , 28 , 22 , 60 , 2 , 64 , 6 , 33 , 33 , 19 , 29 , 1 , 43 , 36.7 , 127 , 16 , 11.6 , 33.0 ,, 1.4 , 170 ," $17,000 ", 264 ," $26,400 ", 116 , 181 ," $18,073 ",, 0.4 , 309 ," $6,184 "," 1,050 "," $21,004 ", 116 , 967 ," $19,339 ",, 0.3 ," $56,780 "," 1,465 "," $29,292 "," 1,559 "," $31,172 ", 104 ," 1,487 "," $29,744 ",, -   , 71 , 122 , (17), 4 , (13), 5 , 34 , 156 , 25 , 246 , 188 , 268 , 285 , 408 , 40 , 223 , 35 , (15), (104), 99 , 51 , (8), 219 ," 2,322 "
38, 273 , 271 , 246 , 288 , 267 , 254 , 231 , 221 , 269 , 315 , 351 , 610 , 620 , 457 , 451 , 436 , 456 , 429 , 447 , 460 , 490 , 545 , 567 , 567 , 397 , 127.4 , 170 , 1.43 ," 1,518 "," 1,495 "," 1,401 ", 904 , 901 , 905 ," 1,111 "," 1,321 "," 1,654 "," 1,710 "," 2,299 "," 1,915 "," 3,021 "," 3,796 "," 3,946 "," 4,172 "," 4,135 "," 4,037 "," 4,352 "," 4,358 "," 4,316 "," 4,322 "," 4,175 "," 4,260 "," 2,751 "," 1,351.1 "," 1,509 ", 1.55 , 11 , 8 , -   , 4 , 20 , 16 , 49 , 68 , 46 , 26 , 2 , 8 , 15 , 9 , 88 , 118 , 20 , 49 , 30 , 82 , 29 , 68 , 90 , 27 , -   , 35 , 32.4 , 118 , 39 , 37.7 , 90.0 ,, 1.1 , 449 ," $44,900 ", 477 ," $47,700 ", 100 , 467 ," $46,688 ",, 0.2 ," 1,670 "," $33,403 "," 3,318 "," $66,360 ", 100 ," 3,308 "," $66,158 ",, 0.1 ," $141,900 "," 4,596 "," $91,912 "," 4,624 "," $92,472 ", 117 ," 4,597 "," $91,937 ",, -   , (17), (119), (451), (4), 7 , 232 , 268 , 427 , 128 , 627 , (117)," 1,131 ", 621 , 232 , 329 , 3 , (76), 363 , 101 , 17 , 129 , (35), 112 ," 3,908 "
39," 1,076 "," 1,085 ", 857 , 863 , 755 , 717 , 640 , 644 , 466 , 524 , 428 , 615 , 828 ," 1,121 ", 738 ," 1,043 "," 1,065 "," 1,094 ", 561 , 601 , 677 , 646 , 912 ," 1,114 ", 795 , 219.2 , 319 , 1.40 ," 1,746 "," 1,789 "," 1,619 "," 1,447 "," 1,417 "," 1,365 "," 1,459 "," 1,249 ", 405 , 261 , 493 ," 1,076 "," 2,503 "," 2,211 "," 2,635 "," 3,512 "," 3,265 "," 2,771 "," 3,211 "," 2,879 "," 2,582 "," 2,273 "," 1,848 "," 2,501 "," 1,938 ", 868.8 , 563 , 1.29 , 58 , 170 , 289 , 244 , 108 , 6 , 84 , 422 , 671 , 930 , 251 ," 1,175 ", 648 , 540 ," 1,731 ", 484 , 176 , 81 , 515 , 74 , 303 , 305 , 27 , 88 , 44 , 377 , 401.2 ," 1,731 ", 53 , 25.7 , 305.0 ,, 3.9 , (617), $-   , 809 ," $80,900 "," 1,179 ", (65), $-   ,, 2.2 , (471), $-   ," 1,696 "," $33,916 "," 1,179 ", 821 ," $16,429 ",, 1.3 ," $161,420 "," 1,661 "," $33,224 "," 3,087 "," $61,744 ", 80 ," 3,312 "," $66,243 ",, -   , 222 , (109), 78 , (30), (84), 101 , 216 , (351), 844 , 387 ," 1,945 "," 2,288 ", 541 ," 1,772 "," 1,666 ", (49), (384), 422 , (218), 82 , (35), (132), 943 ," 10,115 "
40, 256 , 269 , 150 , 197 , 170 , 191 , 207 , 233 , 184 , 249 , 275 , 347 , 365 , 296 , 279 , 316 , 330 , 326 , 351 , 376 , 400 , 497 , 473 , 522 , 302 , 99.9 , 220 , 1.73 , 883 , 836 , 968 , 968 , 963 , 931 , 953 , 951 , 878 , 890 , 998 ," 1,000 "," 1,251 "," 1,273 "," 1,314 "," 1,415 ", 967 ," 1,251 "," 1,152 ", 930 ," 1,072 "," 1,054 ", 973 ," 1,026 "," 1,037 ", 149.2 , (11), 0.99 , 12 , 37 , 11 , 28 , 25 , 4 , 28 , 30 , 9 , 7 , 8 , 3 , 6 , 13 , 21 , 24 , 9 , 9 , 56 , 53 , 75 , 37 , 93 , 19 , 3 , 25 , 22.7 , 93 , 38 , 39.2 , 93.0 ,, 0.8 , 429 ," $42,900 ", 429 ," $42,900 ", 70 , 452 ," $45,175 ",, 0.5 , 581 ," $11,626 ", 728 ," $14,556 ", 70 , 751 ," $15,011 ",, 0.3 ," $72,720 "," 1,351 "," $27,012 "," 1,351 "," $27,012 ", 178 ," 1,265 "," $25,308 ",, -   , 3 , 24 , 75 , (7), (7), 66 , 54 , (113), 84 , 142 , 77 , 275 , (34), 45 , 162 , (425), 289 , (18), (144), 241 , 116 , (12), 121 ," 1,014 "
41, 88 , 107 , 85 , 72 , 61 , 42 , 85 , 81 , 54 , 46 , 43 , 46 , 51 , 45 , 34 , 41 , 76 , 118 , 65 , 99 , 177 , 232 , 271 , 224 , 93 , 64.6 , 131 , 2.40 , 379 , 359 , 363 , 303 , 346 , 316 , 330 , 331 , 334 , 337 , 357 , 365 , 360 , 383 , 320 , 507 , 366 , 379 , 252 , 279 , 643 ," 1,478 "," 1,488 "," 1,500 ", 503 , 372.1 , 997 , 2.98 , 5 , 3 , 14 , 6 , 30 , 2 , 20 , 12 , 72 , 22 , 5 , 4 , 12 , 27 , 49 , 44 , -   , 5 , 71 , 87 , 31 , 39 , 10 , 65 , 11 , 26 , 24.9 , 87 , 29 , 25.7 , 87.0 ,, 2.0 , 137 ," $13,700 ", 137 ," $13,700 ", 76 , 148 ," $14,836 ",, 0.4 , 240 ," $4,801 "," 1,113 "," $22,260 ", 76 ," 1,124 "," $22,487 ",, 0.3 ," $52,400 "," 1,592 "," $31,844 "," 1,592 "," $31,844 ", 71 ," 1,608 "," $32,156 ",, -   , 2 , (4), (67), 62 , (47), 77 , 9 , 48 , 17 , 22 , 15 , 12 , 44 , (25), 238 , (106), 60 , (109), 148 , 473 , 929 , 59 , 30 ," 1,887 "
42, 127 , 123 , 93 , 202 , 198 , 138 , 133 , 199 , 166 , 130 , 126 , 138 , 126 , 127 , 110 , 124 , 335 , 200 , 130 , 228 , 344 , 205 , 392 , 445 , 189 , 93.5 , 256 , 2.35 , 124 , 198 , 218 , 462 , 365 , 369 , 334 , 94 , 169 , 169 , 169 , 181 , 299 , 323 , 688 , 632 , 568 , 587 , 525 , 631 , 632 , 840 , 737 , 702 , 417 , 218.4 , 285 , 1.68 , 22 , 6 , 3 , 39 , 62 , 50 , 46 , 62 , 169 , 51 , 4 , 22 , 43 , 18 , 21 , 203 , 227 , 228 , 45 , 82 , 214 , 255 , 19 , 142 , 6 , 82 , 81.8 , 255 , 56 , 61.3 , 255.0 ,, 3.3 , 190 ," $19,000 ", 190 ," $19,000 ", 245 , 200 ," $19,989 ",, 2.6 , 16 , $325 , 307 ," $6,132 ", 245 , 316 ," $6,330 ",, 1.4 ," $58,540 ", 803 ," $16,060 ", 803 ," $16,060 ", 461 , 597 ," $11,935 ",, -   , 76 , (7), 392 , (39), (6), 6 , (112), 211 , 15 , -   , 46 , 149 , 43 , 369 , 161 , 374 , 112 , (87), 286 , 331 , 324 , 103 , 160 ," 2,907 "
43, 194 , 185 , 166 , 193 , 172 , 168 , 135 , 143 , 210 , 169 , 170 , 119 , 127 , 81 , 79 , 112 , 156 , 184 , 148 , 171 , 236 , 243 , 247 , 242 , 169 , 45.9 , 73 , 1.43 , 467 , 459 , 477 , 691 , 665 , 557 , 699 , 663 , 598 , 598 , 598 , 622 ," 1,130 "," 1,218 "," 1,655 "," 1,865 "," 1,890 "," 1,860 "," 1,812 "," 1,646 "," 2,221 "," 2,234 "," 2,226 "," 2,236 "," 1,212 ", 660.4 ," 1,024 ", 1.84 , 4 , 37 , 21 , 3 , 30 , 5 , 64 , 12 , 31 , 33 , 14 , 8 , 23 , 39 , 35 , 10 , 10 , -   , 38 , 38 , 8 , 55 , 56 , 34 , 9 , 25 , 17.8 , 64 , 33 , 19.2 , 56.0 ,, 1.4 , 178 ," $17,800 ", 186 ," $18,600 ", 60 , 182 ," $18,175 ",, 0.2 , 724 ," $14,475 "," 1,733 "," $34,656 ", 60 ," 1,729 "," $34,571 ",, 0.1 ," $68,920 "," 2,366 "," $47,312 "," 2,374 "," $47,472 ", 46 ," 2,384 "," $47,678 ",, -   , 20 , 20 , 244 , (17), (107), 173 , (16), 33 , (8), 15 , (19), 539 , 81 , 470 , 253 , 79 , (2), (46), (105), 648 , 75 , 52 , 39 ," 2,421 "
44, 174 , 164 , 176 , 181 , 201 , 246 , 254 , 336 , 411 , 349 , 210 , 229 , 302 , 185 , 146 , 325 , 425 , 180 , 148 , 186 , 204 , 509 , 567 , 239 , 264 , 113.5 , (25), 0.90 , 502 , 574 , 522 , 156 , 408 , 335 , 274 , 532 , 629 , 629 , 575 , 590 ," 1,592 "," 1,544 "," 1,642 "," 1,966 "," 2,031 "," 2,573 "," 2,734 "," 1,893 "," 2,455 "," 1,680 "," 1,636 "," 1,424 "," 1,204 ", 775.4 , 220 , 1.18 , 8 , 49 , 54 , 31 , 12 , 25 , 141 , 132 , 617 , 174 , 153 , 71 , 57 , 592 , 218 , 155 , 37 , 387 , 50 , 69 , 105 , 341 , 232 , 348 , 39 , 164 , 167.3 , 617 , 206 , 127.4 , 348.0 ,, 10.8 , (378), $-   , (109), $-   , 499 , (260), $-   ,, 2.3 , 166 ," $3,312 ", 791 ," $15,824 ", 499 , 641 ," $12,814 ",, 1.6 ," $52,380 ", 998 ," $19,964 "," 1,267 "," $25,344 ", 33 ," 1,582 "," $31,647 ",, -   , 111 , 14 , (330), 284 , (3), 88 , 472 , 789 , 112 , (40), 105 ," 1,132 ", 427 , 277 , 658 , 202 , 684 , 179 , (734), 685 , (129), 246 , (192)," 5,037 "
45, 102 , 134 , 97 , 110 , 107 , 93 , 60 , 48 , 91 , 90 , 105 , 83 , 70 , 69 , 75 , 125 , 129 , 124 , 94 , 85 , 104 , 149 , 215 , 207 , 107 , 39.2 , 100 , 1.94 , 236 , 214 , 215 , 215 , 214 , 140 , 415 , 518 , 433 , 433 , 433 , 480 , 578 , 630 , 861 , 864 , 804 ," 1,074 ", 998 , 957 ," 1,060 "," 1,088 "," 1,053 "," 1,026 ", 622 , 322.1 , 404 , 1.65 , 7 , 23 , 18 , 7 , 9 , 5 , 24 , 44 , 51 , 24 , 14 , 35 , 38 , 23 , 56 , 2 , 89 , 33 , 19 , 13 , 8 , 12 , 10 , 36 , -   , 24 , 20.0 , 89 , 15 , 15.2 , 36.0 ,, 1.5 , 118 ," $11,800 ", 171 ," $17,100 ", 64 , 143 ," $14,295 ",, 0.4 , 316 ," $6,312 ", 785 ," $15,696 ", 64 , 757 ," $15,135 ",, 0.3 ," $41,220 "," 1,103 "," $22,052 "," 1,156 "," $23,112 ", 162 ," 1,030 "," $20,596 ",, -   , 33 , (18), 20 , 5 , (83), 266 , 135 , 9 , 23 , 29 , 60 , 123 , 74 , 293 , 55 , 33 , 298 , (87), (37), 130 , 85 , 41 , 1 ," 1,488 "
46, 81 , 68 , 76 , 69 , 53 , 52 , 52 , 62 , 98 , 100 , 96 , 93 , 81 , 67 , 69 , 85 , 92 , 87 , 88 , 93 , 87 , 79 , 88 , 85 , 79 , 14.3 , 6 , 1.07 , 34 , 50 , 50 , 50 , 24 , 27 , 37 , 112 , 112 , 112 , 113 , 139 , 172 , 220 , 194 , 193 , 194 , 209 , 138 , 108 , 109 , 96 , 134 , 217 , 119 , 61.7 , 99 , 1.83 , 8 , 34 , 9 , 12 , 13 , -   , 10 , 7 , 26 , 7 , 6 , -   , 12 , 20 , 1 , 41 , 18 , 9 , 18 , 22 , 29 , 8 , 5 , 26 , -   , 14 , 10.8 , 41 , 10 , 11.3 , 29.0 ,, 2.3 , 44 ," $4,400 ", 56 ," $5,600 ", 35 , 50 ," $4,975 ",, 1.1 , 36 , $721 , 145 ," $2,892 ", 35 , 138 ," $2,767 ",, 0.7 ," $12,840 ", 244 ," $4,880 ", 256 ," $5,120 ", 157 , 128 ," $2,560 ",, -   , 37 , 17 , 5 , (29), 2 , 20 , 92 , 62 , 9 , 3 , 23 , 33 , 54 , (23), 56 , 26 , 19 , (52), (3), 24 , (13), 52 , 106 , 520 
47, 236 , 228 , 201 , 197 , 191 , 188 , 118 , 191 , 183 , 123 , 118 , 114 , 130 , 117 , 131 , 113 , 106 , 118 , 112 , 202 , 214 , 200 , 282 , 241 , 169 , 50.9 , 72 , 1.43 , 284 , 211 , 158 , 152 , 97 , 193 , 165 , 129 , 186 , 163 , 166 , 151 , 672 , 688 , 719 , 711 , 742 , 658 , 412 , 400 , 610 , 462 , 708 ," 1,063 ", 413 , 266.0 , 651 , 2.58 , 7 , 74 , 34 , 19 , 3 , 1 , 27 , 60 , 255 , 158 , 46 , -   , 253 , 30 , 6 , 3 , 59 , 16 , 90 , 60 , 31 , 166 , 7 , 129 , 41 , 63 , 72.5 , 255 , 59 , 51.4 , 166.0 ,, 2.6 , (14), $-   , 75 ," $7,500 ", 208 , 33 ," $3,293 ",, 0.8 , 13 , $263 , 684 ," $13,688 ", 208 , 642 ," $12,847 ",, 0.5 ," $45,360 "," 1,001 "," $20,016 "," 1,090 "," $21,796 ", 38 ," 1,218 "," $24,357 ",, -   , (7), (46), 9 , (58), 94 , (71), 97 , 304 , 75 , 44 , (19), 790 , 33 , 51 , (23), 83 , (56), (162), 138 , 253 , 4 , 335 , 443 ," 2,311 "
48, 199 , 195 , 214 , 235 , 201 , 167 , 179 , 130 , 321 , 273 , 173 , 142 , 238 , 286 , 293 , 290 , 427 , 311 , 297 , 394 , 425 , 514 , 538 , 539 , 291 , 120.5 , 248 , 1.85 , 316 , 238 , 298 , 298 , 297 , 407 , 291 , 380 , 518 , 459 , 460 , 321 ," 1,206 "," 1,049 "," 1,101 "," 1,075 "," 1,097 "," 1,315 "," 1,257 "," 1,005 ", 757 , 584 , 884 , 887 , 688 , 357.5 , 200 , 1.29 , -   , 13 , 78 , 1 , 38 , 13 , 111 , 95 , 115 , 112 , 123 , 38 , 326 , 336 , 108 , 230 , 39 , 291 , 61 , 53 , 187 , 222 , 37 , 126 , 89 , 114 , 96.8 , 336 , 84 , 36.5 , 222.0 ,, 3.3 , 203 ," $20,300 ", 317 ," $31,700 ", 307 , 232 ," $23,168 ",, 2.5 , 111 ," $2,218 ", 488 ," $9,752 ", 307 , 402 ," $8,046 ",, 1.3 ," $71,640 ", 982 ," $19,644 "," 1,096 "," $21,924 ", 40 ," 1,278 "," $25,555 ",, -   , (69), 157 , 22 , 3 , 89 , 7 , 135 , 444 , 5 , 24 , (132)," 1,307 ", 227 , 167 , 201 , 198 , 393 , (11), (102), (30), 138 , 361 , 130 ," 3,664 "
49, 85 , 82 , 59 , 84 , 78 , 93 , 65 , 67 , 49 , 36 , 42 , 29 , 98 , 87 , 99 , 144 , 158 , 165 , 149 , 208 , 236 , 226 , 254 , 240 , 118 , 68.9 , 122 , 2.03 , 203 , 203 , 313 , 290 , 260 , 183 , 262 , 269 , 264 , 264 , 247 , 394 , 647 , 629 , 674 , 969 ," 1,040 "," 1,437 "," 1,218 "," 1,042 "," 1,098 "," 1,098 "," 1,047 "," 1,059 ", 630 , 395.0 , 429 , 1.68 , 17 , 6 , -   , 5 , 26 , 1 , 27 , 20 , 41 , 24 , 14 , 8 , 9 , 26 , 21 , 64 , 24 , 4 , 29 , 83 , 43 , 31 , 7 , 30 , -   , 22 , 19.5 , 83 , 12 , 12.8 , 83.0 ,, 1.5 , 157 ," $15,700 ", 157 ," $15,700 ", 61 , 179 ," $17,860 ",, 0.4 , 326 ," $6,525 ", 764 ," $15,284 ", 61 , 786 ," $15,716 ",, 0.3 ," $45,180 "," 1,168 "," $23,360 "," 1,168 "," $23,360 ", 522 , 729 ," $14,584 ",, -   , 3 , 87 , 7 , (10), (61), 78 , 29 , 18 , 11 , 3 , 142 , 331 , (3), 78 , 404 , 109 , 408 , (206), (34), 127 , 21 , (16), 28 ," 1,554 "
50, 159 , 167 , 109 , 141 , 154 , 147 , 148 , 124 , 108 , 95 , 93 , 106 , 109 , 112 , 131 , 123 , 117 , 109 , 124 , 111 , 182 , 140 , 196 , 159 , 132 , 26.9 , 27 , 1.21 , 61 , 57 , 57 , 65 , 146 , 146 , 152 , 156 , 210 , 210 , 210 , 267 , 254 , 281 , 388 , 435 , 437 , 499 , 402 , 337 , 291 , 212 , 223 , 193 , 237 , 122.4 , (44), 0.81 , 4 , 12 , 1 , -   , 27 , 10 , 7 , -   , 25 , 1 , 5 , 3 , 5 , 11 , 7 , 39 , 18 , 12 , 3 , 46 , 13 , 62 , 7 , 32 , -   , 14 , 15.7 , 62 , 13 , 13.7 , 62.0 ,, 1.6 , 97 ," $9,700 ", 97 ," $9,700 ", 45 , 114 ," $11,352 ",, 1.6 , 92 ," $1,842 ", 92 ," $1,848 ", 45 , 109 ," $2,178 ",, 0.8 ," $19,760 ", 258 ," $5,164 ", 258 ," $5,164 ", 179 , 141 ," $2,819 ",, -   , 16 , (57), 40 , 121 , 3 , 14 , (20), 63 , (12), 3 , 73 , (5), 41 , 133 , 78 , 14 , 66 , (79), (32), 38 , (59), 74 , (35), 478 
51, 166 , 164 , 123 , 159 , 161 , 152 , 90 , 162 , 153 , 127 , 149 , 220 , 216 , 206 , 214 , 141 , 214 , 173 , 201 , 398 , 462 , 373 , 592 , 360 , 224 , 120.1 , 136 , 1.61 , 387 , 389 , 389 , 638 , 785 , 818 ," 1,008 ", 948 , 742 , 738 , 743 ," 1,422 "," 1,695 "," 1,836 "," 2,367 "," 2,519 "," 2,424 "," 2,010 "," 1,727 ", 786 ," 1,367 "," 1,003 ", 568 , 680 ," 1,166 ", 646.7 , (486), 0.58 , 23 , 21 , -   , 4 , 12 , 34 , 49 , 95 , 77 , 72 , 4 , 3 , 16 , 18 , 92 , 62 , 129 , 99 , 213 , 125 , 113 , 275 , 31 , 412 , 3 , 79 , 95.3 , 412 , 149 , 186.6 , 412.0 ,, 4.4 , (52), $-   , (52), $-   , 270 , 90 ," $9,008 ",, 2.9 , 346 ," $6,921 ", 132 ," $2,640 ", 270 , 274 ," $5,482 ",, 1.6 ," $49,600 ", 556 ," $11,120 ", 556 ," $11,120 ", 100 , 868 ," $17,362 ",, -   , 21 , (41), 289 , 161 , 58 , 177 , 107 , (138), 42 , 31 , 753 , 285 , 149 , 631 , 141 , 107 , (356), (42), (619), 758 , (178), (185), 292 ," 2,443 "
52, 306 , 246 , 226 , 242 , 236 , 415 , 204 , 203 , 352 , 329 , 314 , 568 , 444 , 611 , 427 , 516 , 651 , 545 , 494 , 552 , 563 , 563 , 679 , 587 , 428 , 152.6 , 159 , 1.37 , 439 , 438 , 457 , 465 , 716 , 626 , 835 , 305 ," 1,473 "," 1,320 "," 1,003 "," 1,026 "," 1,538 "," 1,627 "," 2,262 "," 2,485 "," 2,374 "," 2,405 "," 2,294 "," 1,169 "," 1,788 "," 1,693 "," 1,671 "," 2,167 "," 1,357 ", 697.5 , 810 , 1.60 , 15 , 119 , 39 , 5 , 68 , 261 , 348 , 270 , 325 , 455 , 140 , 402 , 904 , 73 , 329 , 181 , 272 , 160 , 67 , 107 , 165 , 238 , 61 , 138 , -   , 206 , 190.2 , 904 , 66 , 56.5 , 238.0 ,, 3.1 , (317), $-   , 349 ," $34,900 ", 586 , 1 , $87 ,, 1.0 , (22), $-   ," 1,496 "," $29,912 ", 586 ," 1,147 "," $22,949 ",, 0.7 ," $102,040 "," 1,733 "," $34,652 "," 2,399 "," $47,972 ", 412 ," 2,225 "," $44,499 ",, -   , 58 , 38 , 29 , 313 , 350 , 346 , (261)," 1,642 ", 279 , (192), 679 ," 1,292 ", 329 , 780 , 493 , 296 , 85 , (95), (960), 795 , 143 , 155 , 542 ," 7,136 "
53, 200 , 257 , 265 , 264 , 268 , 214 , 260 , 240 , 168 , 191 , 219 , 305 , 329 , 318 , 338 , 350 , 465 , 527 , 531 , 540 , 570 , 576 , 518 , 488 , 350 , 133.9 , 138 , 1.39 , 712 , 800 , 853 , 853 , 871 , 903 ," 1,027 "," 1,026 ", 853 , 865 , 896 , 863 , 798 ," 1,378 "," 1,562 "," 1,926 "," 1,943 "," 1,711 "," 1,977 "," 1,826 "," 2,026 "," 2,156 "," 1,965 "," 2,420 "," 1,342 ", 535.9 ," 1,078 ", 1.80 , 2 , 34 , -   , 2 , 8 , 12 , 6 , 31 , 20 , 3 , 5 , -   , 7 , 8 , 9 , -   , 2 , 3 , 4 , 13 , 5 , 19 , 81 , 12 , 13 , 12 , 16.6 , 81 , 35 , 32.3 , 81.0 ,, 0.3 , 407 ," $40,700 ", 407 ," $40,700 ", 45 , 443 ," $44,286 ",, 0.1 , 791 ," $15,827 "," 1,855 "," $37,100 ", 45 ," 1,891 "," $37,817 ",, 0.1 ," $97,200 "," 2,729 "," $54,588 "," 2,729 "," $54,588 ", 18 ," 2,793 "," $55,853 ",, -   , 179 , 61 , 1 , 30 , (10), 176 , 10 , (225), 38 , 64 , 53 , (34), 577 , 213 , 376 , 134 , (167), 274 , (129), 235 , 155 , (168), 437 ," 2,280 "
54, 347 , 340 , 327 , 321 , 301 , 271 , 264 , 228 , 313 , 254 , 256 , 275 , 396 , 424 , 380 , 724 , 680 , 672 , 671 , 784 , 795 , 623 , 724 , 599 , 457 , 194.6 , 142 , 1.31 , 156 , 189 , 152 , 152 , 150 , 265 , 203 , 211 , 511 , 322 , 536 , 451 , 888 , 875 ," 1,271 "," 1,384 "," 1,229 "," 1,305 "," 1,251 "," 1,474 "," 1,330 "," 1,409 "," 1,675 "," 1,518 ", 788 , 534.6 , 730 , 1.93 , 19 , 35 , 73 , 6 , 17 , 36 , 120 , 87 , 44 , 291 , 205 , 89 , 72 , 122 , 533 , 325 , 336 , 200 , 144 , 193 , 147 , 311 , 32 , 321 , 174 , 157 , 129.9 , 533 , 176 , 118.0 , 321.0 ,, 4.7 , 66 ," $6,600 ", 278 ," $27,800 ", 417 , 182 ," $18,188 ",, 2.3 , (21), $-   , 893 ," $17,868 ", 417 , 797 ," $15,946 ",, 1.4 ," $90,260 "," 1,464 "," $29,284 "," 1,676 "," $33,524 ", 53 ," 1,945 "," $38,891 ",, -   , 61 , 23 , -   , (5), 121 , 51 , 59 , 429 , 43 , 421 , 23 , 630 , 137 , 885 , 782 , 137 , 268 , 89 , 529 , 14 , 218 , 399 , 39 ," 5,353 "
55, 268 , 278 , 286 , 280 , 266 , 281 , 283 , 300 , 231 , 235 , 224 , 235 , 236 , 209 , 224 , 279 , 313 , 328 , 329 , 317 , 321 , 321 , 332 , 305 , 278 , 37.8 , 27 , 1.10 , 121 , 116 , 116 , 116 , 116 , 124 , 154 , 145 , 145 , 155 , 223 , 231 , 308 , 349 , 520 , 532 , 515 , 519 , 504 , 496 , 615 , 629 , 633 , 646 , 335 , 198.8 , 312 , 1.93 , 9 , 6 , (1), 3 , -   , -   , 12 , -   , 12 , -   , 18 , 1 , 6 , 7 , 5 , 10 , 3 , 15 , 4 , 9 , 2 , 6 , 1 , 14 , -   , 6 , 5.3 , 18 , 5 , 6.4 , 14.0 ,, 0.2 , 287 ," $28,700 ", 291 ," $29,100 ", 16 , 289 ," $28,865 ",, 0.1 , 199 ," $3,989 ", 503 ," $10,056 ", 16 , 500 ," $10,009 ",, 0.1 ," $43,420 ", 872 ," $17,440 ", 876 ," $17,520 ", 237 , 653 ," $13,057 ",, -   , 11 , 7 , (3), (14), 23 , 44 , 8 , (57), 14 , 75 , 20 , 84 , 21 , 191 , 77 , 20 , 34 , (10), (11), 125 , 20 , 16 , -   , 695 
56, 263 , 228 , 231 , 231 , 234 , 207 , 194 , 196 , 167 , 185 , 197 , 210 , 209 , 124 , 94 , 110 , 112 , 113 , 110 , 98 , 117 , 126 , 175 , 196 , 172 , 51.0 , 24 , 1.14 , 102 , 109 , 109 , 109 , 102 , 115 , 171 , 166 , 172 , 253 , 337 , 353 , 353 , 363 , 651 , 623 , 623 , 625 , 599 , 660 , 754 , 844 , 833 , 764 , 408 , 258.0 , 356 , 1.87 , 19 , 6 , -   , 5 , -   , 10 , 15 , -   , -   , 10 , 8 , 2 , 3 , 20 , 31 , 8 , 5 , 6 , 2 , 6 , 1 , 2 , 20 , 40 , -   , 9 , 10.1 , 40 , 20 , 16.3 , 40.0 ,, 0.7 , 156 ," $15,600 ", 156 ," $15,600 ", 29 , 167 ," $16,709 ",, 0.2 , 225 ," $4,503 ", 571 ," $11,424 ", 29 , 582 ," $11,646 ",, 0.2 ," $34,880 ", 881 ," $17,616 ", 881 ," $17,616 ", 216 , 705 ," $14,098 ",, -   , (22), 3 , 5 , (4), (4), 58 , (3), (23), 109 , 104 , 31 , 2 , (55), 289 , (4), 7 , 9 , (27), 55 , 114 , 101 , 58 , (8), 795 
57, 196 , 214 , 212 , 218 , 201 , 225 , 189 , 176 , 151 , 225 , 378 , 197 , 326 , 296 , 286 , 289 , 391 , 283 , 251 , 351 , 398 , 249 , 405 , 256 , 265 , 73.8 , (9), 0.97 , 248 , 214 , 168 , 168 , 168 , 299 , 378 , 264 , 277 , 377 , 545 , 491 , 654 , 715 , 940 ," 1,010 ", 981 ," 1,294 "," 1,186 ", 774 , 481 , 916 ," 1,218 "," 1,042 ", 617 , 360.0 , 425 , 1.69 , 36 , 17 , 59 , 3 , 16 , 13 , 111 , 47 , 145 , 75 , 155 , 358 , 11 , 249 , 243 , 207 , 69 , 195 , 39 , 67 , 350 , 356 , 64 , 201 , 88 , 127 , 111.4 , 358 , 118 , 59.7 , 356.0 ,, 8.3 , (102), $-   , (100), $-   , 350 , (94), $-   ,, 2.6 , 43 , $861 , 478 ," $9,552 ", 350 , 484 ," $9,677 ",, 1.7 ," $46,440 ", 889 ," $17,776 ", 891 ," $17,816 ", 327 , 919 ," $18,388 ",, -   , 1 , 11 , 9 , (1), 168 , 154 , (80), 133 , 249 , 476 , 123 , 303 , 280 , 458 , 280 , 142 , 400 , (101), (245), 104 , 642 , 522 , (124)," 3,904 "
58, 211 , 152 , 166 , 176 , 174 , 126 , 144 , 130 , 153 , 142 , 150 , 149 , 153 , 195 , 199 , 210 , 204 , 242 , 235 , 262 , 312 , 363 , 386 , 372 , 209 , 76.3 , 163 , 1.78 , 423 , 428 , 428 , 403 , 396 , 359 , 409 , 400 , 358 , 364 , 375 , 476 , 512 , 742 , 742 , 856 , 883 , 972 , 779 , 754 ," 1,883 "," 2,119 "," 1,916 "," 2,399 ", 807 , 592.1 ," 1,592 ", 2.97 , 30 , 64 , 2 , 3 , 1 , 30 , 10 , -   , 30 , 40 , 8 , 6 , 2 , 56 , 86 , -   , 29 , 37 , 4 , 64 , 105 , 87 , 148 , 119 , 2 , 39 , 41.5 , 148 , 90 , 63.1 , 148.0 ,, 2.0 , 224 ," $22,400 ", 224 ," $22,400 ", 122 , 250 ," $25,050 ",, 0.4 , 377 ," $7,535 "," 1,771 "," $35,424 ", 122 ," 1,798 "," $35,954 ",, 0.3 ," $85,180 "," 2,549 "," $50,972 "," 2,549 "," $50,972 ", 88 ," 2,609 "," $52,172 ",, -   , 10 , 16 , (12), (8), (55), 78 , (23), 11 , 35 , 27 , 106 , 42 , 328 , 90 , 125 , 50 , 164 , (196), 66 ," 1,284 ", 374 , (32), 588 ," 3,068 "
59, 222 , 207 , 213 , 244 , 246 , 227 , 111 , 131 , 155 , 182 , 217 , 230 , 238 , 295 , 346 , 362 , 347 , 314 , 344 , 267 , 352 , 305 , 480 , 376 , 267 , 85.4 , 109 , 1.41 , 776 ," 1,113 ", 869 , 661 , 638 , 503 ," 1,049 "," 1,118 ", 562 , 641 , 569 , 943 ," 1,381 "," 1,194 "," 1,341 "," 1,455 "," 1,283 "," 1,221 "," 1,044 "," 1,290 ", 684 , 488 , 678 ," 1,214 ", 946 , 300.9 , 268 , 1.28 , 67 , 29 , 1 , 3 , 2 , 19 , 126 , 4 , 24 , 6 , 30 , 117 , 29 , 47 , 127 , 60 , 128 , 211 , 24 , 54 , 67 , 222 , 216 , 212 , 28 , 74 , 72.9 , 222 , 152 , 87.7 , 222.0 ,, 3.7 , 154 ," $15,400 ", 154 ," $15,400 ", 220 , 156 ," $15,612 ",, 1.4 , 393 ," $7,864 ", 749 ," $14,984 ", 220 , 751 ," $15,026 ",, 0.9 ," $61,880 "," 1,293 "," $25,856 "," 1,293 "," $25,856 ", 65 ," 1,450 "," $28,991 ",, -   , 351 , (237), (174), (19), (135), 556 , 93 , (508), 112 , (7), 504 , 475 , (83), 325 , 190 , (59), 116 , (123), 223 , (454), (21), 581 , 644 ," 2,350 "
60, 201 , 233 , 247 , 285 , 159 , 124 , 274 , 240 , 379 , 323 , 385 , 314 , 447 , 543 , 481 , 504 , 481 , 491 , 498 , 503 , 465 , 563 , 639 , 568 , 389 , 141.8 , 179 , 1.46 , 593 , 590 , 435 , 347 , 528 , 533 ," 1,095 ", 319 ," 1,285 "," 1,178 ", 609 , 917 ," 2,523 "," 2,502 "," 2,559 "," 2,331 "," 3,384 "," 3,698 "," 3,946 "," 3,625 "," 3,658 "," 3,415 "," 3,386 "," 3,654 "," 1,963 "," 1,310.8 "," 1,691 ", 1.86 , 1 , 34 , 27 , 39 , 128 , 64 , 233 , 170 , 409 , 440 , 242 , 466 , 456 , 221 , 175 , 100 , 85 , -   , 5 , 15 , 160 , 135 , 40 , 65 , 1 , 148 , 148.0 , 466 , 35 , 26.3 , 160.0 ,, 1.8 , 102 ," $10,200 ", 408 ," $40,800 ", 444 , 124 ," $12,363 ",, 0.3 , 810 ," $16,198 "," 2,763 "," $55,264 ", 444 ," 2,479 "," $49,577 ",, 0.2 ," $129,880 "," 3,642 "," $72,848 "," 3,948 "," $78,968 ", 49 ," 4,060 "," $81,197 ",, -   , 63 , (114), (11), 183 , 34 , 945 , (640)," 1,514 ", 277 , (265), 703 ," 2,195 ", 296 , 170 , (105)," 1,115 ", 324 , 260 , (301), 155 , (10), 87 , 262 ," 7,137 "
61, 242 , 217 , 276 , 324 , 317 , 252 , 370 , 322 , 379 , 297 , 327 , 236 , 325 , 451 , 350 , 445 , 429 , 430 , 328 , 316 , 296 , 337 , 332 , 330 , 330 , 62.3 , (0), 1.00 , 368 , 391 , 384 , 287 , 306 , 247 , 754 , 639 , 977 ," 1,057 "," 1,217 "," 1,437 "," 2,401 "," 2,440 "," 2,438 "," 2,842 "," 3,884 "," 4,416 "," 4,960 "," 4,850 "," 4,817 "," 4,671 "," 4,673 "," 4,883 "," 2,306 "," 1,775.6 "," 2,577 ", 2.12 , 1 , -   , 24 , 31 , 3 , 21 , 117 , 92 , 20 , 214 , 45 , 116 , 102 , 100 , 356 , 199 , 80 , -   , 95 , 17 , 98 , 107 , 46 , 20 , 50 , 78 , 80.4 , 356 , 39 , 13.3 , 107.0 ,, 3.5 , (26), $-   , 223 ," $22,300 ", 239 , 91 ," $9,103 ",, 0.3 ," 1,143 "," $22,855 "," 3,799 "," $75,988 ", 239 ," 3,667 "," $73,349 ",, 0.2 ," $130,660 "," 4,791 "," $95,820 "," 5,040 "," $100,800 ", -   ," 5,147 "," $102,940 ",, -   , (2), 76 , (18), 15 , (103), 742 , (71), 415 , 212 , 235 , 245 ," 1,155 ", 265 , 253 , 698 ," 1,106 ", 533 , 537 , (105), 45 , 2 , 43 , 228 ," 6,506 "
62, 177 , 264 , 391 , 461 , 401 , 253 , 281 , 165 , 268 , 332 , 283 , 428 , 532 , 446 , 328 , 310 , 376 , 331 , 319 , 285 , 314 , 353 , 474 , 615 , 349 , 103.6 , 266 , 1.76 , 64 , 71 , 228 , 293 , 444 , 373 , 679 , 464 , 846 , 693 , 874 ," 1,015 "," 2,528 "," 2,584 "," 2,539 "," 2,739 "," 3,033 "," 2,795 "," 3,261 "," 3,141 "," 3,153 "," 2,991 "," 2,691 "," 3,040 "," 1,689 "," 1,192.9 "," 1,351 ", 1.80 , -   , -   , 26 , 136 , 62 , 162 , 282 , 137 , 254 , 372 , 326 , 126 , 692 , 337 , 218 , 60 , 20 , 45 , 5 , 45 , 46 , 69 , 43 , 22 , 25 , 140 , 159.7 , 692 , 30 , 9.3 , 69.0 ,, 1.5 , (77), $-   , 546 ," $54,600 ", 460 , 155 ," $15,518 ",, 0.4 , 406 ," $8,119 "," 2,363 "," $47,260 ", 460 ," 1,972 "," $39,444 ",, 0.3 ," $122,300 "," 2,840 "," $56,800 "," 3,463 "," $69,260 ", -   ," 3,532 "," $70,640 ",, -   , 94 , 310 , 271 , 153 , (57), 616 , (194), 739 , 283 , 458 , 412 ," 2,309 ", 307 , 55 , 242 , 380 , (238), 459 , (109), 87 , (54), (136), 512 ," 6,899 "
63, 66 , 36 , 95 , 170 , 170 , 172 , 203 , 228 , 222 , 175 , 187 , 220 , 240 , 458 , 257 , 252 , 253 , 255 , 255 , 255 , 259 , 274 , 349 , 327 , 224 , 86.7 , 103 , 1.46 , 467 , 513 , 739 , 534 , 606 , 639 , 669 , 728 , 582 , 621 , 686 , 729 , 812 , 819 , 819 , 913 , 973 ," 1,022 ", 908 , 913 , 913 , 909 , 862 , 924 , 763 , 152.1 , 162 , 1.21 , -   , -   , -   , -   , -   , -   , -   , -   , -   , -   , 20 , -   , -   , -   , -   , -   , -   , -   , -   , -   , -   , 2 , -   , -   , -   , 1 , 3.9 , 20 , -   , -   , 2.0 ,, 0.0 , 307 ," $30,700 ", 325 ," $32,500 ", 9 , 318 ," $31,828 ",, 0.0 , 476 ," $9,513 ", 737 ," $14,744 ", 9 , 730 ," $14,610 ",, 0.0 ," $51,180 "," 1,166 "," $23,312 "," 1,184 "," $23,672 ", -   ," 1,186 "," $23,712 ",, -   , 16 , 285 , (130), 72 , 35 , 61 , 84 , (152), (8), 97 , 76 , 103 , 225 , (201), 89 , 61 , 51 , (114), 5 , 4 , 13 , 28 , 40 , 740 
64, 1 , 1 , 1 , 7 , 7 , 7 , 7 , 7 , 15 , 19 , 19 , 20 , 21 , 20 , 17 , 20 , 21 , 21 , 21 , 16 , 20 , 22 , 23 , 24 , 15 , 7.6 , 9 , 1.61 , 2 , 2 , 2 , 3 , 3 , 9 , 9 , 9 , 9 , 9 , 9 , 9 , 11 , 11 , 11 , 16 , 16 , 17 , 47 , 50 , 40 , 40 , 40 , 55 , 18 , 16.3 , 37 , 3.08 , -   , -   , -   , -   , -   , -   , -   , -   , -   , -   , -   , -   , -   , -   , 1 , 1 , -   , -   , -   , -   , 5 , -   , -   , -   , -   , 0 , 1.0 , 5 , -   , -   , 5.0 ,, 0.3 , 19 ," $1,900 ", 19 ," $1,900 ", 2 , 22 ," $2,172 ",, 0.2 , 7 , $132 , 39 , $780 , 2 , 42 , $834 ,, 0.1 ," $3,500 ", 69 ," $1,384 ", 69 ," $1,384 ", -   , 74 ," $1,484 ",, -   , -   , -   , 7 , -   , 6 , -   , -   , 8 , 4 , -   , 1 , 3 , (1), (2), 9 , 1 , 1 , 30 , (2), (1), 2 , 1 , 16 , 83 
